"","speciation_initiation_rate","speciation_completion_rate","extinction_rate","crown_age","crown_age_sigma","sampling_method","mutation_rate","sequence_length","mcmc_length","minimal_ess","tree_sim_rng_seed","alignment_rng_seed","beast2_rnd_seed","median_nltt"
"1",0.2,1,0,15,0.01,"youngest",0.05,10000,1000000,200,1100,1,1,0.290782355246753
"2",0.2,1,0,15,0.01,"youngest",0.05,10000,1000000,200,1101,1,1,0.00454273993409163
"3",0.2,1,0,15,0.01,"youngest",0.05,10000,1000000,200,1102,1,1,0.362811218452558
"4",0.2,1,0,15,0.01,"youngest",0.05,10000,1000000,200,1103,1,1,0.229438827320596
"5",0.2,1,0,15,0.01,"youngest",0.05,10000,1000000,200,1104,1,1,0.254009015370778
"6",0.2,1,0,15,0.01,"youngest",0.05,10000,1000000,200,1105,1,1,0.345349536587204
"7",0.2,1,0,15,0.01,"youngest",0.05,10000,1000000,200,1106,1,1,0.277024173793828
"8",0.2,1,0,15,0.01,"youngest",0.05,10000,1000000,200,1107,1,1,0.293597381875118
"9",0.2,1,0,15,0.01,"youngest",0.05,10000,1000000,200,1108,1,1,0.311447032559428
"10",0.2,1,0,15,0.01,"youngest",0.05,10000,1000000,200,1109,1,1,0.17895852092368
"11",0.2,0.1,0,15,0.01,"oldest",0.05,1000,1000000,200,110,2,1,0.0302458006089307
"12",0.2,1,0,15,0.01,"youngest",0.05,10000,1000000,200,1110,1,1,0.326208723546044
"13",0.2,1,0,15,0.01,"youngest",0.05,10000,1000000,200,1111,1,2,0.240531227964963
"14",0.2,1,0,15,0.01,"youngest",0.05,10000,1000000,200,1112,1,2,0.235242955158186
"15",0.2,1,0,15,0.01,"youngest",0.05,10000,1000000,200,1113,1,2,0.287427982084257
"16",0.2,1,0,15,0.01,"youngest",0.05,10000,1000000,200,1114,1,2,0.280475765478821
"17",0.2,1,0,15,0.01,"youngest",0.05,10000,1000000,200,1115,1,2,0.25130440428284
"18",0.2,1,0,15,0.01,"youngest",0.05,10000,1000000,200,1116,1,2,0.2932617664432
"19",0.2,1,0,15,0.01,"youngest",0.05,10000,1000000,200,1117,1,2,0.250550636479738
"20",0.2,1,0,15,0.01,"youngest",0.05,10000,1000000,200,1118,1,2,0.341569213220676
"21",0.2,1,0,15,0.01,"youngest",0.05,10000,1000000,200,1119,1,2,0.00452822970385451
"22",0.2,0.1,0,15,0.01,"oldest",0.05,1000,1000000,200,111,2,1,0.322632830503619
"23",0.2,1,0,15,0.01,"youngest",0.05,10000,1000000,200,1120,1,2,0.00631541368032735
"24",0.2,1,0,15,0.01,"youngest",0.05,10000,1000000,200,1121,1,2,0.269194977567374
"25",0.2,1,0,15,0.01,"youngest",0.05,10000,1000000,200,1122,2,1,0.00208846497529137
"26",0.2,1,0,15,0.01,"youngest",0.05,10000,1000000,200,1123,2,1,0.348782043209678
"27",0.2,1,0,15,0.01,"youngest",0.05,10000,1000000,200,1124,2,1,0.325535884670535
"28",0.2,1,0,15,0.01,"youngest",0.05,10000,1000000,200,1125,2,1,0.0057158168189193
"29",0.2,1,0,15,0.01,"youngest",0.05,10000,1000000,200,1126,2,1,0.00506995687672004
"30",0.2,1,0,15,0.01,"youngest",0.05,10000,1000000,200,1127,2,1,0.217209999872566
"31",0.2,1,0,15,0.01,"youngest",0.05,10000,1000000,200,1128,2,1,0.226151299357189
"32",0.2,1,0,15,0.01,"youngest",0.05,10000,1000000,200,1129,2,1,0.257333745097821
"33",0.2,0.1,0,15,0.01,"oldest",0.05,1000,1000000,200,112,2,1,0.0237624073322999
"34",0.2,1,0,15,0.01,"youngest",0.05,10000,1000000,200,1130,2,1,0.00523461724521256
"35",0.2,1,0,15,0.01,"youngest",0.05,10000,1000000,200,1131,2,1,0.00465315252068553
"36",0.2,1,0,15,0.01,"youngest",0.05,10000,1000000,200,1132,2,1,0.015149158097675
"37",0.2,1,0,15,0.01,"youngest",0.05,10000,1000000,200,1133,2,2,0.297614620913539
"38",0.2,1,0,15,0.01,"youngest",0.05,10000,1000000,200,1134,2,2,0.236370446842764
"39",0.2,1,0,15,0.01,"youngest",0.05,10000,1000000,200,1135,2,2,0.00293969043758482
"40",0.2,1,0,15,0.01,"youngest",0.05,10000,1000000,200,1136,2,2,0.316164466239779
"41",0.2,1,0,15,0.01,"youngest",0.05,10000,1000000,200,1137,2,2,0.188383605490737
"42",0.2,1,0,15,0.01,"youngest",0.05,10000,1000000,200,1138,2,2,0.312242349379646
"43",0.2,1,0,15,0.01,"youngest",0.05,10000,1000000,200,1139,2,2,0.312142909283414
"44",0.2,0.1,0,15,0.01,"oldest",0.05,1000,1000000,200,113,2,1,0.0382315994196326
"45",0.2,1,0,15,0.01,"youngest",0.05,10000,1000000,200,1140,2,2,0.2985311561031
"46",0.2,1,0,15,0.01,"youngest",0.05,10000,1000000,200,1141,2,2,0.269838599514066
"47",0.2,1,0,15,0.01,"youngest",0.05,10000,1000000,200,1142,2,2,0.293713659729722
"48",0.2,1,0,15,0.01,"youngest",0.05,10000,1000000,200,1143,2,2,0.00384065470799957
"49",0.2,1,0,15,0.01,"oldest",0.05,1000,1000000,200,1144,1,1,0.0188379416045534
"50",0.2,1,0,15,0.01,"oldest",0.05,1000,1000000,200,1145,1,1,0.018579755419267
"51",0.2,1,0,15,0.01,"oldest",0.05,1000,1000000,200,1146,1,1,0.282784188793633
"52",0.2,1,0,15,0.01,"oldest",0.05,1000,1000000,200,1147,1,1,0.303355284764529
"53",0.2,1,0,15,0.01,"oldest",0.05,1000,1000000,200,1148,1,1,0.0122887694484524
"54",0.2,1,0,15,0.01,"oldest",0.05,1000,1000000,200,1149,1,1,0.24497499097381
"55",0.2,0.1,0,15,0.01,"oldest",0.05,1000,1000000,200,114,2,1,0.028858876906256
"56",0.2,1,0,15,0.01,"oldest",0.05,1000,1000000,200,1150,1,1,0.261130772901891
"57",0.2,1,0,15,0.01,"oldest",0.05,1000,1000000,200,1151,1,1,0.266417644695228
"58",0.2,1,0,15,0.01,"oldest",0.05,1000,1000000,200,1152,1,1,0.0135139618877463
"59",0.2,1,0,15,0.01,"oldest",0.05,1000,1000000,200,1153,1,1,0.287604495729468
"60",0.2,1,0,15,0.01,"oldest",0.05,1000,1000000,200,1154,1,1,0.236676051545024
"61",0.2,1,0,15,0.01,"oldest",0.05,1000,1000000,200,1155,1,2,0.254439077803918
"62",0.2,1,0,15,0.01,"oldest",0.05,1000,1000000,200,1156,1,2,0.314212568610397
"63",0.2,1,0,15,0.01,"oldest",0.05,1000,1000000,200,1157,1,2,0.0187565178874289
"64",0.2,1,0,15,0.01,"oldest",0.05,1000,1000000,200,1158,1,2,0.0114468306894758
"65",0.2,1,0,15,0.01,"oldest",0.05,1000,1000000,200,1159,1,2,0.0149490435779784
"66",0.2,0.1,0,15,0.01,"oldest",0.05,1000,1000000,200,115,2,1,0.0210343188455553
"67",0.2,1,0,15,0.01,"oldest",0.05,1000,1000000,200,1160,1,2,0.241703731905189
"68",0.2,1,0,15,0.01,"oldest",0.05,1000,1000000,200,1161,1,2,0.271805642057717
"69",0.2,1,0,15,0.01,"oldest",0.05,1000,1000000,200,1162,1,2,0.014200514184361
"70",0.2,1,0,15,0.01,"oldest",0.05,1000,1000000,200,1163,1,2,0.286213710996087
"71",0.2,1,0,15,0.01,"oldest",0.05,1000,1000000,200,1164,1,2,0.0166346334678074
"72",0.2,1,0,15,0.01,"oldest",0.05,1000,1000000,200,1165,1,2,0.321757278201264
"73",0.2,1,0,15,0.01,"oldest",0.05,1000,1000000,200,1166,2,1,0.0138980033056434
"74",0.2,1,0,15,0.01,"oldest",0.05,1000,1000000,200,1167,2,1,0.0145078901976586
"75",0.2,1,0,15,0.01,"oldest",0.05,1000,1000000,200,1168,2,1,0.25458184115573
"76",0.2,1,0,15,0.01,"oldest",0.05,1000,1000000,200,1169,2,1,0.260117879660838
"77",0.2,0.1,0,15,0.01,"oldest",0.05,1000,1000000,200,116,2,1,0.0277830974185246
"78",0.2,1,0,15,0.01,"oldest",0.05,1000,1000000,200,1170,2,1,0.00946239717172347
"79",0.2,1,0,15,0.01,"oldest",0.05,1000,1000000,200,1171,2,1,0.323448632235978
"80",0.2,1,0,15,0.01,"oldest",0.05,1000,1000000,200,1172,2,1,0.25968782284937
"81",0.2,1,0,15,0.01,"oldest",0.05,1000,1000000,200,1173,2,1,0.268726040003293
"82",0.2,1,0,15,0.01,"oldest",0.05,1000,1000000,200,1174,2,1,0.22334237737272
"83",0.2,1,0,15,0.01,"oldest",0.05,1000,1000000,200,1175,2,1,0.254879963951779
"84",0.2,1,0,15,0.01,"oldest",0.05,1000,1000000,200,1176,2,1,0.0133393092175076
"85",0.2,1,0,15,0.01,"oldest",0.05,1000,1000000,200,1177,2,2,0.0266411330646872
"86",0.2,1,0,15,0.01,"oldest",0.05,1000,1000000,200,1178,2,2,0.261027942936562
"87",0.2,1,0,15,0.01,"oldest",0.05,1000,1000000,200,1179,2,2,0.0131507885275773
"88",0.2,0.1,0,15,0.01,"oldest",0.05,1000,1000000,200,117,2,1,0.021392350672381
"89",0.2,1,0,15,0.01,"oldest",0.05,1000,1000000,200,1180,2,2,0.213254459357449
"90",0.2,1,0,15,0.01,"oldest",0.05,1000,1000000,200,1181,2,2,0.203504172666522
"91",0.2,1,0,15,0.01,"oldest",0.05,1000,1000000,200,1182,2,2,0.249446600949467
"92",0.2,1,0,15,0.01,"oldest",0.05,1000,1000000,200,1183,2,2,0.0246924964638647
"93",0.2,1,0,15,0.01,"oldest",0.05,1000,1000000,200,1184,2,2,0.0173271538068675
"94",0.2,1,0,15,0.01,"oldest",0.05,1000,1000000,200,1185,2,2,0.313204296799884
"95",0.2,1,0,15,0.01,"oldest",0.05,1000,1000000,200,1186,2,2,0.0172691572286828
"96",0.2,1,0,15,0.01,"oldest",0.05,1000,1000000,200,1187,2,2,0.281970484772705
"97",0.2,1,0,15,0.01,"oldest",0.05,10000,1000000,200,1188,1,1,0.234685751706555
"98",0.2,1,0,15,0.01,"oldest",0.05,10000,1000000,200,1189,1,1,0.351044731294203
"99",0.2,0.1,0,15,0.01,"oldest",0.05,1000,1000000,200,118,2,1,0.0257844487832111
"100",0.2,1,0,15,0.01,"oldest",0.05,10000,1000000,200,1190,1,1,0.00427197745191914
"101",0.2,1,0,15,0.01,"oldest",0.05,10000,1000000,200,1191,1,1,0.254277330315844
"102",0.2,1,0,15,0.01,"oldest",0.05,10000,1000000,200,1192,1,1,0.345235078296342
"103",0.2,1,0,15,0.01,"oldest",0.05,10000,1000000,200,1193,1,1,0.00660058288794954
"104",0.2,1,0,15,0.01,"oldest",0.05,10000,1000000,200,1194,1,1,0.00556980203722067
"105",0.2,1,0,15,0.01,"oldest",0.05,10000,1000000,200,1195,1,1,0.264252601104344
"106",0.2,1,0,15,0.01,"oldest",0.05,10000,1000000,200,1196,1,1,0.279333620050689
"107",0.2,1,0,15,0.01,"oldest",0.05,10000,1000000,200,1197,1,1,0.305686648352392
"108",0.2,1,0,15,0.01,"oldest",0.05,10000,1000000,200,1198,1,1,0.00534775408837587
"109",0.2,1,0,15,0.01,"oldest",0.05,10000,1000000,200,1199,1,2,0.0482454717870677
"110",0.2,0.1,0,15,0.01,"oldest",0.05,1000,1000000,200,119,2,1,0.00831337578877545
"111",0.2,0.1,0,15,0.01,"youngest",0.05,1000,1000000,200,11,1,2,0.0332471339421643
"112",0.2,1,0,15,0.01,"oldest",0.05,10000,1000000,200,1200,1,2,0.00579813087055908
"113",0.2,1,0,15,0.01,"oldest",0.05,10000,1000000,200,1201,1,2,0.314342490425397
"114",0.2,1,0,15,0.01,"oldest",0.05,10000,1000000,200,1202,1,2,0.264764123106186
"115",0.2,1,0,15,0.01,"oldest",0.05,10000,1000000,200,1203,1,2,0.2481344983901
"116",0.2,1,0,15,0.01,"oldest",0.05,10000,1000000,200,1204,1,2,0.227768032446612
"117",0.2,1,0,15,0.01,"oldest",0.05,10000,1000000,200,1205,1,2,0.240012456975296
"118",0.2,1,0,15,0.01,"oldest",0.05,10000,1000000,200,1206,1,2,0.00468323547740704
"119",0.2,1,0,15,0.01,"oldest",0.05,10000,1000000,200,1207,1,2,0.00446493101199449
"120",0.2,1,0,15,0.01,"oldest",0.05,10000,1000000,200,1208,1,2,0.286328630480483
"121",0.2,1,0,15,0.01,"oldest",0.05,10000,1000000,200,1209,1,2,0.21241490956684
"122",0.2,0.1,0,15,0.01,"oldest",0.05,1000,1000000,200,120,2,1,0.0116374799776055
"123",0.2,1,0,15,0.01,"oldest",0.05,10000,1000000,200,1210,2,1,0.279776274191367
"124",0.2,1,0,15,0.01,"oldest",0.05,10000,1000000,200,1211,2,1,0.00602474269736013
"125",0.2,1,0,15,0.01,"oldest",0.05,10000,1000000,200,1212,2,1,0.261958083347659
"126",0.2,1,0,15,0.01,"oldest",0.05,10000,1000000,200,1213,2,1,0.236863788842818
"127",0.2,1,0,15,0.01,"oldest",0.05,10000,1000000,200,1214,2,1,0.204297767765656
"128",0.2,1,0,15,0.01,"oldest",0.05,10000,1000000,200,1215,2,1,0.274573107633623
"129",0.2,1,0,15,0.01,"oldest",0.05,10000,1000000,200,1216,2,1,0.261218052170261
"130",0.2,1,0,15,0.01,"oldest",0.05,10000,1000000,200,1217,2,1,0.288712302535409
"131",0.2,1,0,15,0.01,"oldest",0.05,10000,1000000,200,1218,2,1,0.306144561777066
"132",0.2,1,0,15,0.01,"oldest",0.05,10000,1000000,200,1219,2,1,0.25805394033035
"133",0.2,0.1,0,15,0.01,"oldest",0.05,1000,1000000,200,121,2,2,0.0343146757989074
"134",0.2,1,0,15,0.01,"oldest",0.05,10000,1000000,200,1220,2,1,0.00413414205720334
"135",0.2,1,0,15,0.01,"oldest",0.05,10000,1000000,200,1221,2,2,0.194543904598168
"136",0.2,1,0,15,0.01,"oldest",0.05,10000,1000000,200,1222,2,2,0.302594403230853
"137",0.2,1,0,15,0.01,"oldest",0.05,10000,1000000,200,1223,2,2,0.311336216673959
"138",0.2,1,0,15,0.01,"oldest",0.05,10000,1000000,200,1224,2,2,0.316529530130608
"139",0.2,1,0,15,0.01,"oldest",0.05,10000,1000000,200,1225,2,2,0.0277125342016188
"140",0.2,1,0,15,0.01,"oldest",0.05,10000,1000000,200,1226,2,2,0.294677064833682
"141",0.2,1,0,15,0.01,"oldest",0.05,10000,1000000,200,1227,2,2,0.18276458420923
"142",0.2,1,0,15,0.01,"oldest",0.05,10000,1000000,200,1228,2,2,0.247231407694819
"143",0.2,1,0,15,0.01,"oldest",0.05,10000,1000000,200,1229,2,2,0.162654806838472
"144",0.2,0.1,0,15,0.01,"oldest",0.05,1000,1000000,200,122,2,2,0.36658646277053
"145",0.2,1,0,15,0.01,"oldest",0.05,10000,1000000,200,1230,2,2,0.274627334196682
"146",0.2,1,0,15,0.01,"oldest",0.05,10000,1000000,200,1231,2,2,0.265776788866697
"147",0.2,1,0.1,15,0.01,"youngest",0.05,1000,1000000,200,1232,1,1,0
"148",0.2,1,0.1,15,0.01,"youngest",0.05,1000,1000000,200,1233,1,1,0.0239370503295963
"149",0.2,1,0.1,15,0.01,"youngest",0.05,1000,1000000,200,1234,1,1,0.0154545725696311
"150",0.2,1,0.1,15,0.01,"youngest",0.05,1000,1000000,200,1235,1,1,0.0163124528636242
"151",0.2,1,0.1,15,0.01,"youngest",0.05,1000,1000000,200,1236,1,1,0.0156654148259713
"152",0.2,1,0.1,15,0.01,"youngest",0.05,1000,1000000,200,1237,1,1,0.0192738554663661
"153",0.2,1,0.1,15,0.01,"youngest",0.05,1000,1000000,200,1238,1,1,0.0159642517931247
"154",0.2,1,0.1,15,0.01,"youngest",0.05,1000,1000000,200,1239,1,1,0.0162324291787634
"155",0.2,0.1,0,15,0.01,"oldest",0.05,1000,1000000,200,123,2,2,0.0208942432124929
"156",0.2,1,0.1,15,0.01,"youngest",0.05,1000,1000000,200,1240,1,1,0.0137618883710379
"157",0.2,1,0.1,15,0.01,"youngest",0.05,1000,1000000,200,1241,1,1,0.395560984078589
"158",0.2,1,0.1,15,0.01,"youngest",0.05,1000,1000000,200,1242,1,1,0.190069462233319
"159",0.2,1,0.1,15,0.01,"youngest",0.05,1000,1000000,200,1243,1,2,0.25149927943137
"160",0.2,1,0.1,15,0.01,"youngest",0.05,1000,1000000,200,1244,1,2,0.0198459465533748
"161",0.2,1,0.1,15,0.01,"youngest",0.05,1000,1000000,200,1245,1,2,0.0183373798276562
"162",0.2,1,0.1,15,0.01,"youngest",0.05,1000,1000000,200,1246,1,2,0.0272474447173181
"163",0.2,1,0.1,15,0.01,"youngest",0.05,1000,1000000,200,1247,1,2,0.0170632952807515
"164",0.2,1,0.1,15,0.01,"youngest",0.05,1000,1000000,200,1248,1,2,0.0167982577464271
"165",0.2,1,0.1,15,0.01,"youngest",0.05,1000,1000000,200,1249,1,2,0.0109221444625251
"166",0.2,0.1,0,15,0.01,"oldest",0.05,1000,1000000,200,124,2,2,0.356585727223707
"167",0.2,1,0.1,15,0.01,"youngest",0.05,1000,1000000,200,1250,1,2,0.0255338182753505
"168",0.2,1,0.1,15,0.01,"youngest",0.05,1000,1000000,200,1251,1,2,0.0129068778013354
"169",0.2,1,0.1,15,0.01,"youngest",0.05,1000,1000000,200,1252,1,2,0.311597655655135
"170",0.2,1,0.1,15,0.01,"youngest",0.05,1000,1000000,200,1253,1,2,0.299586010613741
"171",0.2,1,0.1,15,0.01,"youngest",0.05,1000,1000000,200,1254,2,1,0.0206831353070226
"172",0.2,1,0.1,15,0.01,"youngest",0.05,1000,1000000,200,1255,2,1,0.013385286020555
"173",0.2,1,0.1,15,0.01,"youngest",0.05,1000,1000000,200,1256,2,1,0.00681502305917991
"174",0.2,1,0.1,15,0.01,"youngest",0.05,1000,1000000,200,1257,2,1,0.0201244935005335
"175",0.2,1,0.1,15,0.01,"youngest",0.05,1000,1000000,200,1258,2,1,0.0100377779998596
"176",0.2,1,0.1,15,0.01,"youngest",0.05,1000,1000000,200,1259,2,1,0.022378680104121
"177",0.2,0.1,0,15,0.01,"oldest",0.05,1000,1000000,200,125,2,2,0.0195991848029504
"178",0.2,1,0.1,15,0.01,"youngest",0.05,1000,1000000,200,1260,2,1,0.0145101220102093
"179",0.2,1,0.1,15,0.01,"youngest",0.05,1000,1000000,200,1261,2,1,0.0150558202070547
"180",0.2,1,0.1,15,0.01,"youngest",0.05,1000,1000000,200,1262,2,1,0.018850498363815
"181",0.2,1,0.1,15,0.01,"youngest",0.05,1000,1000000,200,1263,2,1,0.0122278758212941
"182",0.2,1,0.1,15,0.01,"youngest",0.05,1000,1000000,200,1264,2,1,0.0222356172610257
"183",0.2,1,0.1,15,0.01,"youngest",0.05,1000,1000000,200,1265,2,2,0.0145220463202341
"184",0.2,1,0.1,15,0.01,"youngest",0.05,1000,1000000,200,1266,2,2,0.0228572747564539
"185",0.2,1,0.1,15,0.01,"youngest",0.05,1000,1000000,200,1267,2,2,0.0165763058612624
"186",0.2,1,0.1,15,0.01,"youngest",0.05,1000,1000000,200,1268,2,2,0.293708818033304
"187",0.2,1,0.1,15,0.01,"youngest",0.05,1000,1000000,200,1269,2,2,0.0165325607971138
"188",0.2,0.1,0,15,0.01,"oldest",0.05,1000,1000000,200,126,2,2,0.0213001224081099
"189",0.2,1,0.1,15,0.01,"youngest",0.05,1000,1000000,200,1270,2,2,0.0204317091639061
"190",0.2,1,0.1,15,0.01,"youngest",0.05,1000,1000000,200,1271,2,2,0.00851322204663504
"191",0.2,1,0.1,15,0.01,"youngest",0.05,1000,1000000,200,1272,2,2,0.0218900217512487
"192",0.2,1,0.1,15,0.01,"youngest",0.05,1000,1000000,200,1273,2,2,0.246407465669374
"193",0.2,1,0.1,15,0.01,"youngest",0.05,1000,1000000,200,1274,2,2,0.0147180128053356
"194",0.2,1,0.1,15,0.01,"youngest",0.05,1000,1000000,200,1275,2,2,0
"195",0.2,1,0.1,15,0.01,"youngest",0.05,10000,1000000,200,1276,1,1,0.239114152848131
"196",0.2,1,0.1,15,0.01,"youngest",0.05,10000,1000000,200,1277,1,1,0.263759267736945
"197",0.2,1,0.1,15,0.01,"youngest",0.05,10000,1000000,200,1278,1,1,0.00581487067668761
"198",0.2,1,0.1,15,0.01,"youngest",0.05,10000,1000000,200,1279,1,1,0.343979677081384
"199",0.2,0.1,0,15,0.01,"oldest",0.05,1000,1000000,200,127,2,2,0.0217075429566076
"200",0.2,1,0.1,15,0.01,"youngest",0.05,10000,1000000,200,1280,1,1,0.362715897770301
"201",0.2,1,0.1,15,0.01,"youngest",0.05,10000,1000000,200,1281,1,1,0.220609975252327
"202",0.2,1,0.1,15,0.01,"youngest",0.05,10000,1000000,200,1282,1,1,0.366978893315218
"203",0.2,1,0.1,15,0.01,"youngest",0.05,10000,1000000,200,1283,1,1,0.257949873205242
"204",0.2,1,0.1,15,0.01,"youngest",0.05,10000,1000000,200,1284,1,1,0.253425235040551
"205",0.2,1,0.1,15,0.01,"youngest",0.05,10000,1000000,200,1285,1,1,0.266445105882983
"206",0.2,1,0.1,15,0.01,"youngest",0.05,10000,1000000,200,1286,1,1,0.218789058341613
"207",0.2,1,0.1,15,0.01,"youngest",0.05,10000,1000000,200,1287,1,2,0.004777433624952
"208",0.2,1,0.1,15,0.01,"youngest",0.05,10000,1000000,200,1288,1,2,0.265321410501565
"209",0.2,1,0.1,15,0.01,"youngest",0.05,10000,1000000,200,1289,1,2,0.00601649785892404
"210",0.2,0.1,0,15,0.01,"oldest",0.05,1000,1000000,200,128,2,2,0.386935909199689
"211",0.2,1,0.1,15,0.01,"youngest",0.05,10000,1000000,200,1290,1,2,0.00394288951239823
"212",0.2,1,0.1,15,0.01,"youngest",0.05,10000,1000000,200,1291,1,2,0.307544853990887
"213",0.2,1,0.1,15,0.01,"youngest",0.05,10000,1000000,200,1292,1,2,0.182905197509839
"214",0.2,1,0.1,15,0.01,"youngest",0.05,10000,1000000,200,1293,1,2,0.260670656639018
"215",0.2,1,0.1,15,0.01,"youngest",0.05,10000,1000000,200,1294,1,2,0.23261752049876
"216",0.2,1,0.1,15,0.01,"youngest",0.05,10000,1000000,200,1295,1,2,0.186116147052778
"217",0.2,1,0.1,15,0.01,"youngest",0.05,10000,1000000,200,1296,1,2,0.00573633430840725
"218",0.2,1,0.1,15,0.01,"youngest",0.05,10000,1000000,200,1297,1,2,0.327793276726248
"219",0.2,1,0.1,15,0.01,"youngest",0.05,10000,1000000,200,1298,2,1,0.14655069963375
"220",0.2,1,0.1,15,0.01,"youngest",0.05,10000,1000000,200,1299,2,1,0.204584146259781
"221",0.2,0.1,0,15,0.01,"oldest",0.05,1000,1000000,200,129,2,2,0.346701816081642
"222",0.2,0.1,0,15,0.01,"youngest",0.05,1000,1000000,200,12,1,2,0.0156999641881917
"223",0.4,0.1,0,15,0.01,"oldest",0.05,1000,1000000,200,2200,1,1,0.342494553420925
"224",0.4,0.1,0,15,0.01,"oldest",0.05,1000,1000000,200,2201,1,1,0.361348565877147
"225",0.4,0.1,0,15,0.01,"oldest",0.05,1000,1000000,200,2202,1,1,0.325935822519506
"226",0.4,0.1,0,15,0.01,"oldest",0.05,1000,1000000,200,2203,1,1,0.341616391013642
"227",0.4,0.1,0,15,0.01,"oldest",0.05,1000,1000000,200,2204,1,1,0.266135332845066
"228",0.4,0.1,0,15,0.01,"oldest",0.05,1000,1000000,200,2206,1,1,0.332392416636127
"229",0.4,0.1,0,15,0.01,"oldest",0.05,1000,1000000,200,2207,1,1,0.321838294392601
"230",0.4,0.1,0,15,0.01,"oldest",0.05,1000,1000000,200,2208,1,1,0.366389693438639
"231",0.4,0.1,0,15,0.01,"oldest",0.05,1000,1000000,200,2209,1,1,0.313498109103881
"232",0.2,0.1,0.1,15,0.01,"youngest",0.05,10000,1000000,200,220,1,1,0.100067671653515
"233",0.4,0.1,0,15,0.01,"oldest",0.05,1000,1000000,200,2210,1,1,0.34360475253829
"234",0.4,0.1,0,15,0.01,"oldest",0.05,1000,1000000,200,2212,1,2,0.319678946842401
"235",0.4,0.1,0,15,0.01,"oldest",0.05,1000,1000000,200,2213,1,2,0.371812599690105
"236",0.4,0.1,0,15,0.01,"oldest",0.05,1000,1000000,200,2214,1,2,0.343525446551803
"237",0.4,0.1,0,15,0.01,"oldest",0.05,1000,1000000,200,2215,1,2,0.347197180413258
"238",0.4,0.1,0,15,0.01,"oldest",0.05,1000,1000000,200,2216,1,2,0.337023525256059
"239",0.4,0.1,0,15,0.01,"oldest",0.05,1000,1000000,200,2217,1,2,0.351301059432623
"240",0.4,0.1,0,15,0.01,"oldest",0.05,1000,1000000,200,2218,1,2,0.361986110536234
"241",0.4,0.1,0,15,0.01,"oldest",0.05,1000,1000000,200,2219,1,2,0.33824185756245
"242",0.2,0.1,0.1,15,0.01,"youngest",0.05,10000,1000000,200,221,1,1,0.378330925517724
"243",0.4,0.1,0,15,0.01,"oldest",0.05,1000,1000000,200,2220,1,2,0.35764724277776
"244",0.4,0.1,0,15,0.01,"oldest",0.05,1000,1000000,200,2221,1,2,0.342234565401442
"245",0.4,0.1,0,15,0.01,"oldest",0.05,1000,1000000,200,2223,2,1,0.3113190533969
"246",0.4,0.1,0,15,0.01,"oldest",0.05,1000,1000000,200,2224,2,1,0.377846073897521
"247",0.4,0.1,0,15,0.01,"oldest",0.05,1000,1000000,200,2227,2,1,0.332977329922123
"248",0.4,0.1,0,15,0.01,"oldest",0.05,1000,1000000,200,2229,2,1,0.318225192198128
"249",0.2,0.1,0.1,15,0.01,"youngest",0.05,10000,1000000,200,222,1,1,0.081757351075342
"250",0.4,0.1,0,15,0.01,"oldest",0.05,1000,1000000,200,2230,2,1,0.345847698992633
"251",0.4,0.1,0,15,0.01,"oldest",0.05,1000,1000000,200,2231,2,1,0.322195284707065
"252",0.4,0.1,0,15,0.01,"oldest",0.05,1000,1000000,200,2232,2,1,0.35654356218438
"253",0.4,0.1,0,15,0.01,"oldest",0.05,1000,1000000,200,2233,2,2,0.324781201620107
"254",0.4,0.1,0,15,0.01,"oldest",0.05,1000,1000000,200,2235,2,2,0.0152791682833478
"255",0.4,0.1,0,15,0.01,"oldest",0.05,1000,1000000,200,2236,2,2,0.349848677454042
"256",0.4,0.1,0,15,0.01,"oldest",0.05,1000,1000000,200,2237,2,2,0.308252339051684
"257",0.4,0.1,0,15,0.01,"oldest",0.05,1000,1000000,200,2239,2,2,0.320377983285165
"258",0.2,0.1,0.1,15,0.01,"youngest",0.05,10000,1000000,200,223,1,1,0.004725545774691
"259",0.4,0.1,0,15,0.01,"oldest",0.05,1000,1000000,200,2240,2,2,0.318755476554783
"260",0.4,0.1,0,15,0.01,"oldest",0.05,1000,1000000,200,2241,2,2,0.371989380876627
"261",0.4,0.1,0,15,0.01,"oldest",0.05,1000,1000000,200,2242,2,2,0.369180029624284
"262",0.4,0.1,0,15,0.01,"oldest",0.05,1000,1000000,200,2243,2,2,0.365104111582843
"263",0.4,0.1,0,15,0.01,"oldest",0.05,10000,1000000,200,2244,1,1,0.00524708626363803
"264",0.4,0.1,0,15,0.01,"oldest",0.05,10000,1000000,200,2246,1,1,0.296131371881247
"265",0.4,0.1,0,15,0.01,"oldest",0.05,10000,1000000,200,2248,1,1,0.26608609352707
"266",0.4,0.1,0,15,0.01,"oldest",0.05,10000,1000000,200,2249,1,1,0.336014949846969
"267",0.2,0.1,0.1,15,0.01,"youngest",0.05,10000,1000000,200,224,1,1,0.299777804999917
"268",0.4,0.1,0,15,0.01,"oldest",0.05,10000,1000000,200,2251,1,1,0.3612729999908
"269",0.4,0.1,0,15,0.01,"oldest",0.05,10000,1000000,200,2253,1,1,0.335160585360305
"270",0.4,0.1,0,15,0.01,"oldest",0.05,10000,1000000,200,2254,1,1,0.345300875037594
"271",0.4,0.1,0,15,0.01,"oldest",0.05,10000,1000000,200,2256,1,2,0.319854942866841
"272",0.4,0.1,0,15,0.01,"oldest",0.05,10000,1000000,200,2257,1,2,0.264489502079211
"273",0.4,0.1,0,15,0.01,"oldest",0.05,10000,1000000,200,2258,1,2,0.311782130476224
"274",0.2,0.1,0.1,15,0.01,"youngest",0.05,10000,1000000,200,225,1,1,0.133593873103494
"275",0.4,0.1,0,15,0.01,"oldest",0.05,10000,1000000,200,2267,2,1,0.288589627851277
"276",0.2,0.1,0.1,15,0.01,"youngest",0.05,10000,1000000,200,226,1,1,0.119591670379869
"277",0.4,0.1,0,15,0.01,"oldest",0.05,10000,1000000,200,2270,2,1,0.328890172113879
"278",0.4,0.1,0,15,0.01,"oldest",0.05,10000,1000000,200,2272,2,1,0.328484144639583
"279",0.4,0.1,0,15,0.01,"oldest",0.05,10000,1000000,200,2275,2,1,0.277887596971924
"280",0.4,0.1,0,15,0.01,"oldest",0.05,10000,1000000,200,2276,2,1,0.283362610952103
"281",0.4,0.1,0,15,0.01,"oldest",0.05,10000,1000000,200,2277,2,2,0.314819736465251
"282",0.4,0.1,0,15,0.01,"oldest",0.05,10000,1000000,200,2279,2,2,0.324368165257026
"283",0.2,0.1,0.1,15,0.01,"youngest",0.05,10000,1000000,200,227,1,1,0.00614220403539488
"284",0.4,0.1,0,15,0.01,"oldest",0.05,10000,1000000,200,2280,2,2,0.283812342246708
"285",0.4,0.1,0,15,0.01,"oldest",0.05,10000,1000000,200,2282,2,2,0.27345949678547
"286",0.4,0.1,0,15,0.01,"oldest",0.05,10000,1000000,200,2283,2,2,0.273395039904753
"287",0.4,0.1,0,15,0.01,"oldest",0.05,10000,1000000,200,2287,2,2,0.329889233111916
"288",0.4,0.1,0.1,15,0.01,"youngest",0.05,1000,1000000,200,2288,1,1,0.367988924340025
"289",0.4,0.1,0.1,15,0.01,"youngest",0.05,1000,1000000,200,2289,1,1,0.319647481016868
"290",0.2,0.1,0.1,15,0.01,"youngest",0.05,10000,1000000,200,228,1,1,0.30764461884763
"291",0.4,0.1,0.1,15,0.01,"youngest",0.05,1000,1000000,200,2290,1,1,0.388780235512545
"292",0.4,0.1,0.1,15,0.01,"youngest",0.05,1000,1000000,200,2291,1,1,0.300390429777344
"293",0.4,0.1,0.1,15,0.01,"youngest",0.05,1000,1000000,200,2292,1,1,0.355309145899331
"294",0.4,0.1,0.1,15,0.01,"youngest",0.05,1000,1000000,200,2293,1,1,0.356877860934673
"295",0.4,0.1,0.1,15,0.01,"youngest",0.05,1000,1000000,200,2294,1,1,0.397349318038619
"296",0.4,0.1,0.1,15,0.01,"youngest",0.05,1000,1000000,200,2295,1,1,0.251883790675767
"297",0.4,0.1,0.1,15,0.01,"youngest",0.05,1000,1000000,200,2296,1,1,0.255534742702267
"298",0.4,0.1,0.1,15,0.01,"youngest",0.05,1000,1000000,200,2297,1,1,0.209242681389125
"299",0.4,0.1,0.1,15,0.01,"youngest",0.05,1000,1000000,200,2298,1,1,0.32730594466527
"300",0.4,0.1,0.1,15,0.01,"youngest",0.05,1000,1000000,200,2299,1,2,0.020973938076051
"301",0.2,0.1,0.1,15,0.01,"youngest",0.05,10000,1000000,200,229,1,1,0.401993564351
"302",0.2,0.1,0,15,0.01,"youngest",0.05,1000,1000000,200,22,2,1,0.0175415108706974
"303",0.2,0.1,0.1,15,0.01,"oldest",0.05,10000,1000000,200,330,2,1,0.347538193467451
"304",0.2,0.1,0.1,15,0.01,"oldest",0.05,10000,1000000,200,331,2,1,0.210270683404804
"305",0.2,0.1,0.1,15,0.01,"oldest",0.05,10000,1000000,200,332,2,1,0.240304445955908
"306",0.4,1,0,15,0.01,"oldest",0.05,10000,1000000,200,3338,2,2,0.124917007496673
"307",0.2,0.1,0.1,15,0.01,"oldest",0.05,10000,1000000,200,333,2,1,0.471520162366717
"308",0.4,1,0.1,15,0.01,"youngest",0.05,1000,1000000,200,3345,1,1,0.228176366892027
"309",0.4,1,0.1,15,0.01,"youngest",0.05,1000,1000000,200,3347,1,1,0.198353629413274
"310",0.4,1,0.1,15,0.01,"youngest",0.05,1000,1000000,200,3348,1,1,0.136109184128755
"311",0.4,1,0.1,15,0.01,"youngest",0.05,1000,1000000,200,3349,1,1,0.215041857173034
"312",0.2,0.1,0.1,15,0.01,"oldest",0.05,10000,1000000,200,334,2,1,0.532323183227767
"313",0.4,1,0.1,15,0.01,"youngest",0.05,1000,1000000,200,3350,1,1,0.211195059033996
"314",0.4,1,0.1,15,0.01,"youngest",0.05,1000,1000000,200,3351,1,1,0.174853932643774
"315",0.4,1,0.1,15,0.01,"youngest",0.05,1000,1000000,200,3352,1,1,0.189360295458526
"316",0.4,1,0.1,15,0.01,"youngest",0.05,1000,1000000,200,3353,1,1,0.216250976796749
"317",0.4,1,0.1,15,0.01,"youngest",0.05,1000,1000000,200,3354,1,1,0.243544458129353
"318",0.4,1,0.1,15,0.01,"youngest",0.05,1000,1000000,200,3355,1,2,0.221167298084298
"319",0.4,1,0.1,15,0.01,"youngest",0.05,1000,1000000,200,3356,1,2,0.212422555529029
"320",0.4,1,0.1,15,0.01,"youngest",0.05,1000,1000000,200,3357,1,2,0.229507447761657
"321",0.4,1,0.1,15,0.01,"youngest",0.05,1000,1000000,200,3358,1,2,0.180659600894076
"322",0.4,1,0.1,15,0.01,"youngest",0.05,1000,1000000,200,3359,1,2,0.237136405498767
"323",0.2,0.1,0.1,15,0.01,"oldest",0.05,10000,1000000,200,335,2,1,0.00893560550898652
"324",0.4,1,0.1,15,0.01,"youngest",0.05,1000,1000000,200,3360,1,2,0.17142371416974
"325",0.4,1,0.1,15,0.01,"youngest",0.05,1000,1000000,200,3361,1,2,0.223785270860341
"326",0.4,1,0.1,15,0.01,"youngest",0.05,1000,1000000,200,3362,1,2,0.20666398365177
"327",0.4,1,0.1,15,0.01,"youngest",0.05,1000,1000000,200,3363,1,2,0.204776429741742
"328",0.4,1,0.1,15,0.01,"youngest",0.05,1000,1000000,200,3365,1,2,0.227250827001663
"329",0.4,1,0.1,15,0.01,"youngest",0.05,1000,1000000,200,3368,2,1,0.209634769207404
"330",0.4,1,0.1,15,0.01,"youngest",0.05,1000,1000000,200,3369,2,1,0.176576488795103
"331",0.2,0.1,0.1,15,0.01,"oldest",0.05,10000,1000000,200,336,2,1,0.00734460143813796
"332",0.4,1,0.1,15,0.01,"youngest",0.05,1000,1000000,200,3370,2,1,0.232380406241003
"333",0.4,1,0.1,15,0.01,"youngest",0.05,1000,1000000,200,3372,2,1,0.201435096893299
"334",0.4,1,0.1,15,0.01,"youngest",0.05,1000,1000000,200,3373,2,1,0.221232387539578
"335",0.4,1,0.1,15,0.01,"youngest",0.05,1000,1000000,200,3375,2,1,0.171334702147705
"336",0.4,1,0.1,15,0.01,"youngest",0.05,1000,1000000,200,3376,2,1,0.240853886708346
"337",0.4,1,0.1,15,0.01,"youngest",0.05,1000,1000000,200,3377,2,2,0.228837055277691
"338",0.4,1,0.1,15,0.01,"youngest",0.05,1000,1000000,200,3378,2,2,0.174504043940338
"339",0.4,1,0.1,15,0.01,"youngest",0.05,1000,1000000,200,3379,2,2,0.159665295352204
"340",0.2,0.1,0.1,15,0.01,"oldest",0.05,10000,1000000,200,337,2,1,0.375695359024248
"341",0.4,1,0.1,15,0.01,"youngest",0.05,1000,1000000,200,3380,2,2,0.0124476043448711
"342",0.4,1,0.1,15,0.01,"youngest",0.05,1000,1000000,200,3381,2,2,0.197619726930004
"343",0.4,1,0.1,15,0.01,"youngest",0.05,1000,1000000,200,3383,2,2,0.210318789871296
"344",0.4,1,0.1,15,0.01,"youngest",0.05,1000,1000000,200,3384,2,2,0.235791530009683
"345",0.4,1,0.1,15,0.01,"youngest",0.05,1000,1000000,200,3385,2,2,0.217314362607114
"346",0.4,1,0.1,15,0.01,"youngest",0.05,1000,1000000,200,3386,2,2,0.218477102103933
"347",0.4,1,0.1,15,0.01,"youngest",0.05,1000,1000000,200,3387,2,2,0.209172810482792
"348",0.2,0.1,0.1,15,0.01,"oldest",0.05,10000,1000000,200,338,2,1,0.010748931651612
"349",0.4,1,0.1,15,0.01,"youngest",0.05,10000,1000000,200,3393,1,1,0.166881718984602
"350",0.4,1,0.1,15,0.01,"youngest",0.05,10000,1000000,200,3394,1,1,0.187669198807271
"351",0.2,0.1,0.1,15,0.01,"oldest",0.05,10000,1000000,200,339,2,1,0.329818894241524
"352",0.2,0.1,0,15,0.01,"youngest",0.05,1000,1000000,200,33,2,2,0.284884337002783
"353",0.2,0.1,0.2,15,0.01,"oldest",0.05,1000,1000000,200,440,1,1,0.0161411451350128
"354",0.2,0.1,0.2,15,0.01,"oldest",0.05,1000,1000000,200,441,1,1,0.0538719125486472
"355",0.2,0.1,0.2,15,0.01,"oldest",0.05,1000,1000000,200,442,1,1,0.0116428468027949
"356",0.2,0.1,0.2,15,0.01,"oldest",0.05,1000,1000000,200,443,1,1,0.0340444429843777
"357",0.2,0.1,0.2,15,0.01,"oldest",0.05,1000,1000000,200,444,1,1,0
"358",0.2,0.1,0.2,15,0.01,"oldest",0.05,1000,1000000,200,445,1,1,0.019339967130578
"359",0.2,0.1,0.2,15,0.01,"oldest",0.05,1000,1000000,200,446,1,1,0.0126770020197369
"360",0.2,0.1,0.2,15,0.01,"oldest",0.05,1000,1000000,200,447,1,1,0.0333857136906936
"361",0.2,0.1,0.2,15,0.01,"oldest",0.05,1000,1000000,200,448,1,1,0.00896392930447633
"362",0.2,0.1,0.2,15,0.01,"oldest",0.05,1000,1000000,200,449,1,1,0.0224952819729494
"363",0.2,0.1,0,15,0.01,"youngest",0.05,10000,1000000,200,44,1,1,0.388699432418693
"364",0.2,0.3,0,15,0.01,"youngest",0.05,1000,1000000,200,550,2,1,0.313038392191312
"365",0.2,0.3,0,15,0.01,"youngest",0.05,1000,1000000,200,551,2,1,0.269468306292524
"366",0.2,0.3,0,15,0.01,"youngest",0.05,1000,1000000,200,552,2,1,0.291985452156675
"367",0.2,0.3,0,15,0.01,"youngest",0.05,1000,1000000,200,553,2,1,0.2942193796882
"368",0.2,0.3,0,15,0.01,"youngest",0.05,1000,1000000,200,554,2,1,0.0159947086295945
"369",0.2,0.3,0,15,0.01,"youngest",0.05,1000,1000000,200,555,2,1,0.0185083926508495
"370",0.2,0.3,0,15,0.01,"youngest",0.05,1000,1000000,200,556,2,1,0.0211857890172092
"371",0.2,0.3,0,15,0.01,"youngest",0.05,1000,1000000,200,557,2,1,0.298802280334627
"372",0.2,0.3,0,15,0.01,"youngest",0.05,1000,1000000,200,558,2,1,0.262635144539484
"373",0.2,0.3,0,15,0.01,"youngest",0.05,1000,1000000,200,559,2,1,0.333340526722326
"374",0.2,0.1,0,15,0.01,"youngest",0.05,10000,1000000,200,55,1,2,0.0097485888753767
"375",0.2,0.3,0,15,0.01,"oldest",0.05,10000,1000000,200,660,1,1,0.00623237056047094
"376",0.2,0.3,0,15,0.01,"oldest",0.05,10000,1000000,200,661,1,1,0.364746762869164
"377",0.2,0.3,0,15,0.01,"oldest",0.05,10000,1000000,200,662,1,1,0.323323608382476
"378",0.2,0.3,0,15,0.01,"oldest",0.05,10000,1000000,200,663,1,1,0.308249819882
"379",0.2,0.3,0,15,0.01,"oldest",0.05,10000,1000000,200,664,1,1,0.367076206052274
"380",0.2,0.3,0,15,0.01,"oldest",0.05,10000,1000000,200,665,1,1,0.337653920428004
"381",0.2,0.3,0,15,0.01,"oldest",0.05,10000,1000000,200,666,1,1,0.281653602768846
"382",0.2,0.3,0,15,0.01,"oldest",0.05,10000,1000000,200,667,1,1,0.261480169982566
"383",0.2,0.3,0,15,0.01,"oldest",0.05,10000,1000000,200,668,1,1,0.361494620880237
"384",0.2,0.3,0,15,0.01,"oldest",0.05,10000,1000000,200,669,1,1,0
"385",0.2,0.1,0,15,0.01,"youngest",0.05,10000,1000000,200,66,2,1,0.462537640796624
"386",0.2,0.3,0.1,15,0.01,"youngest",0.05,10000,1000000,200,770,2,1,0.305290056023817
"387",0.2,0.3,0.1,15,0.01,"youngest",0.05,10000,1000000,200,771,2,1,0.254986431931033
"388",0.2,0.3,0.1,15,0.01,"youngest",0.05,10000,1000000,200,772,2,1,0.184523426057938
"389",0.2,0.3,0.1,15,0.01,"youngest",0.05,10000,1000000,200,773,2,1,0.357655519100971
"390",0.2,0.3,0.1,15,0.01,"youngest",0.05,10000,1000000,200,774,2,1,0.142549358681173
"391",0.2,0.3,0.1,15,0.01,"youngest",0.05,10000,1000000,200,775,2,1,0.00940440561911601
"392",0.2,0.3,0.1,15,0.01,"youngest",0.05,10000,1000000,200,776,2,1,0.415634425847338
"393",0.2,0.3,0.1,15,0.01,"youngest",0.05,10000,1000000,200,777,2,1,0
"394",0.2,0.3,0.1,15,0.01,"youngest",0.05,10000,1000000,200,778,2,1,0.327219371836423
"395",0.2,0.3,0.1,15,0.01,"youngest",0.05,10000,1000000,200,779,2,1,0.383942931208394
"396",0.2,0.1,0,15,0.01,"youngest",0.05,10000,1000000,200,77,2,2,0.318963187216005
"397",0.2,0.3,0.2,15,0.01,"youngest",0.05,1000,1000000,200,880,1,1,0.026258408436282
"398",0.2,0.3,0.2,15,0.01,"youngest",0.05,1000,1000000,200,881,1,1,0.0198464931599087
"399",0.2,0.3,0.2,15,0.01,"youngest",0.05,1000,1000000,200,882,1,1,0.0160023989350501
"400",0.2,0.3,0.2,15,0.01,"youngest",0.05,1000,1000000,200,883,1,1,0.020018659283731
"401",0.2,0.3,0.2,15,0.01,"youngest",0.05,1000,1000000,200,884,1,1,0.276853637527407
"402",0.2,0.3,0.2,15,0.01,"youngest",0.05,1000,1000000,200,885,1,1,0.0396390566551484
"403",0.2,0.3,0.2,15,0.01,"youngest",0.05,1000,1000000,200,886,1,1,0
"404",0.2,0.3,0.2,15,0.01,"youngest",0.05,1000,1000000,200,887,1,1,0.0319630039716682
"405",0.2,0.3,0.2,15,0.01,"youngest",0.05,1000,1000000,200,888,1,1,0.010092528482426
"406",0.2,0.3,0.2,15,0.01,"youngest",0.05,1000,1000000,200,889,1,1,0.0290492757728902
"407",0.2,0.1,0,15,0.01,"oldest",0.05,1000,1000000,200,88,1,1,0.0238935863360561
"408",0.2,0.3,0.2,15,0.01,"oldest",0.05,1000,1000000,200,990,2,1,0.0274687459339299
"409",0.2,0.3,0.2,15,0.01,"oldest",0.05,1000,1000000,200,991,2,1,0.260584774912625
"410",0.2,0.3,0.2,15,0.01,"oldest",0.05,1000,1000000,200,992,2,1,0.0259126591548849
"411",0.2,0.3,0.2,15,0.01,"oldest",0.05,1000,1000000,200,993,2,1,0.0201684378541539
"412",0.2,0.3,0.2,15,0.01,"oldest",0.05,1000,1000000,200,994,2,1,0.0567335792905572
"413",0.2,0.3,0.2,15,0.01,"oldest",0.05,1000,1000000,200,995,2,1,0.0236868660909346
"414",0.2,0.3,0.2,15,0.01,"oldest",0.05,1000,1000000,200,996,2,1,0.00568376291739413
"415",0.2,0.3,0.2,15,0.01,"oldest",0.05,1000,1000000,200,997,2,1,0
"416",0.2,0.3,0.2,15,0.01,"oldest",0.05,1000,1000000,200,998,2,1,0
"417",0.2,0.3,0.2,15,0.01,"oldest",0.05,1000,1000000,200,999,2,1,0.0273927111179124
"418",0.2,0.1,0,15,0.01,"oldest",0.05,1000,1000000,200,99,1,2,0.0281212006874469
